{"cameraMode":{"drawMode":0,"name":"Shaded","section":"Shading Mode"},"sceneLighting":false,"audioPlay":false,"sceneViewState":{"showFog":true,"showMaterialUpdate":false,"showSkybox":true,"showFlares":true,"showImageEffects":true,"showParticleSystems":true},"in2DMode":false,"pivot":{"x":-2.197608232498169,"y":-0.362781286239624,"z":1.288004994392395},"rotation":{"x":0.3041937053203583,"y":0.035707827657461169,"z":-0.011410330422222615,"w":0.951895534992218},"size":2.66262149810791,"orthographic":false}