{"cameraMode":{"drawMode":0,"name":"Shaded","section":"Shading Mode"},"sceneLighting":true,"audioPlay":false,"sceneViewState":{"showFog":true,"showMaterialUpdate":false,"showSkybox":true,"showFlares":true,"showImageEffects":true,"showParticleSystems":true},"in2DMode":false,"pivot":{"x":0.04410284385085106,"y":-13.24981689453125,"z":2.5733695030212404},"rotation":{"x":0.4402858018875122,"y":0.08729355037212372,"z":-0.04306511953473091,"w":0.8925974369049072},"size":35.223838806152347,"orthographic":false}