{"cameraMode":{"drawMode":0,"name":"Shaded","section":"Shading Mode"},"sceneLighting":false,"audioPlay":false,"sceneViewState":{"showFog":true,"showMaterialUpdate":false,"showSkybox":true,"showFlares":true,"showImageEffects":true,"showParticleSystems":true},"in2DMode":false,"pivot":{"x":-1.6220853328704835,"y":-5.3783698081970219,"z":-0.7620537877082825},"rotation":{"x":0.45443588495254519,"y":0.540577232837677,"z":-0.44820576906204226,"w":0.548103928565979},"size":22.0,"orthographic":false}