{"cameraMode":{"drawMode":0,"name":"Shaded","section":"Shading Mode"},"sceneLighting":false,"audioPlay":false,"sceneViewState":{"showFog":true,"showMaterialUpdate":false,"showSkybox":true,"showFlares":true,"showImageEffects":true,"showParticleSystems":true},"in2DMode":false,"pivot":{"x":-8.721485137939454,"y":2.994246006011963,"z":-1.4513814449310303},"rotation":{"x":0.3632360100746155,"y":0.06698954105377197,"z":-0.02619418501853943,"w":0.9289383292198181},"size":2.362621545791626,"orthographic":false}